BDM编码,标准医院名,省份,城市,区县,行政级别,医院类型,地方军队医院,综合专科医院,医院分级,重点医院,状态,市场分类
20968,北京解放军总医院,北京,北京,海淀区,三级,奥诺美目标医院,,,,奥诺美重点医院,有效,
2157,北京佑安医院,北京,北京,丰台区,三级,奥诺美目标医院,,,,奥诺美重点医院,有效,
2230,中国航天科工集团七三一医院,北京,北京,丰台区,二级,奥诺美目标医院,,,,奥诺美重点医院,有效,
1987,北京市房山区良乡医院,北京,北京,房山区,二级,奥诺美目标医院,,,,奥诺美重点医院,有效,
1765,北京大学首钢医院,北京,北京,石景山区,三级,奥诺美目标医院,,,,奥诺美重点医院,有效,
2056,北京市石景山医院,北京,北京,石景山区,二级,奥诺美目标医院,,,,奥诺美重点医院,有效,
2222,卫生部北京医院,北京,北京,东城区,三级,奥诺美目标医院,,,,奥诺美重点医院,有效,
1967,北京市大兴区红星医院,北京,北京,大兴区,二级,奥诺美目标医院,,,,奥诺美重点医院,有效,
2189,大兴区人民医院,北京,北京,大兴区,二级,奥诺美目标医院,,,,奥诺美重点医院,有效,
2248,中国医学科学院阜外心血管病医院,北京,北京,西城区,三级,奥诺美目标医院,,,,奥诺美重点医院,有效,
1969,北京市大兴区中医医院（中国中医科学院广安门医院（南区））,北京,北京,大兴区,二级,奥诺美目标医院,,,,奥诺美重点医院,有效,
2046,北京市仁和医院,北京,北京,大兴区,二级,奥诺美目标医院,,,,奥诺美重点医院,有效,
2176,北京中医药大学东方医院,北京,北京,丰台区,三级,奥诺美目标医院,,,,奥诺美重点医院,有效,
2216,首都医科大学附属北京同仁医院,北京,北京,东城区,三级,奥诺美目标医院,,,,奥诺美重点医院,有效,
2217,首都医科大学附属北京同仁医院丰台同仁京苑医院,北京,北京,丰台区,一级,奥诺美目标医院,,,,奥诺美重点医院,有效,
1985,北京市房山区第一医院,北京,北京,房山区,二级,奥诺美目标医院,,,,奥诺美重点医院,有效,
1989,北京市房山区中医医院,北京,北京,房山区,二级,奥诺美目标医院,,,,奥诺美重点医院,有效,
2214,首都医科大学附属北京口腔医院,北京,北京,崇文区,三级,奥诺美目标医院,,,,奥诺美重点医院,有效,
2215,首都医科大学附属北京天坛医院,北京,北京,崇文区,三级,奥诺美目标医院,,,,奥诺美重点医院,有效,
1798,北京丰台医院（含桥南部）,北京,北京,丰台区,二级,奥诺美目标医院,,,,奥诺美重点医院,有效,
21010,中国人民解放军第302医院,北京,北京,丰台区,三级,奥诺美目标医院,,,,奥诺美重点医院,有效,
20987,中国人民解放军307医院,北京,北京,丰台区,三级,奥诺美目标医院,,,,奥诺美重点医院,有效,
20973,武警北京市总队第三医院,北京,北京,丰台区,三级,奥诺美目标医院,,,,奥诺美重点医院,有效,
20970,北京武警总医院,北京,北京,海淀区,三级,奥诺美目标医院,,,,奥诺美重点医院,有效,
2195,航天中心医院,北京,北京,海淀区,三级,奥诺美目标医院,,,,奥诺美重点医院,有效,
2249,中国医学科学院整形外科医院,北京,北京,石景山区,三级,奥诺美目标医院,,,,奥诺美重点医院,有效,
12891,包头市中心医院,内蒙古,包头,东河区,三级,奥诺美目标医院,,,,奥诺美重点医院,有效,
12896,包头医学院第一附属医院,内蒙古,包头,昆都仑区,三级,奥诺美目标医院,,,,奥诺美重点医院,有效,
13128,内蒙古医学院第二附属医院,内蒙古,呼和浩特,回民区,三级,奥诺美目标医院,,,,奥诺美重点医院,有效,
13129,内蒙古医学院第一附属医院,内蒙古,呼和浩特,回民区,三级,奥诺美目标医院,,,,奥诺美重点医院,有效,
13130,内蒙古医学院附属人民医院,内蒙古,呼和浩特,赛罕区,三级,奥诺美目标医院,,,,奥诺美重点医院,有效,
13016,呼和浩特市第一医院,内蒙古,呼和浩特,回民区,三级,奥诺美目标医院,,,,奥诺美重点医院,有效,
23400,内蒙古自治区医院,内蒙古,呼和浩特,赛罕区,三级,奥诺美目标医院,,,,奥诺美重点医院,有效,
21111,首都医科大学附属北京朝阳医院（京西院区）（原北京中铁建医院）,北京,北京,石景山区,三级,奥诺美目标医院,,,,奥诺美重点医院,有效,
1975,北京市第六医院,北京,北京,东城区,二级,奥诺美目标医院,,,,奥诺美重点医院,有效,
2212,首都医科大学附属北京朝阳医院（东院区）,北京,北京,朝阳区,三级,奥诺美目标医院,,,,奥诺美重点医院,有效,
2028,北京市隆福医院,北京,北京,东城区,二级,奥诺美目标医院,,,,奥诺美重点医院,有效,
2259,中日友好医院,北京,北京,朝阳区,三级,奥诺美目标医院,,,,奥诺美重点医院,有效,
1832,北京华信医院,北京,北京,朝阳区,三级,奥诺美目标医院,,,,奥诺美重点医院,有效,
2194,航空工业中心医院,北京,北京,朝阳区,二级,奥诺美目标医院,,,,奥诺美重点医院,有效,
2177,北京中医药大学东直门医院,北京,北京,东城区,三级,奥诺美目标医院,,,,奥诺美重点医院,有效,
1803,北京妇产医院,北京,北京,东城区,三级,奥诺美目标医院,,,,奥诺美重点医院,有效,
1841,北京积水潭医院,北京,北京,西城区,三级,奥诺美目标医院,,,,奥诺美重点医院,有效,
20974,北京263医院,北京,北京,通州区,二级,奥诺美目标医院,,,,奥诺美重点医院,有效,
2069,北京市通州区潞河医院,北京,北京,通州区,二级,奥诺美目标医院,,,,奥诺美重点医院,有效,
2071,北京市通州区中西医结合骨伤医院,北京,北京,通州区,二级,奥诺美目标医院,,,,奥诺美重点医院,有效,
2072,北京市通州区中医医院,北京,北京,通州区,二级,奥诺美目标医院,,,,奥诺美重点医院,有效,
2137,北京胸科医院（北京胸部肿瘤结核病医院）,北京,北京,通州区,三级,奥诺美目标医院,,,,奥诺美重点医院,有效,
1948,北京市朝阳区三环肿瘤医院,北京,北京,朝阳区,三级,奥诺美目标医院,,,,奥诺美重点医院,有效,
2043,北京市平谷区中医医院,北京,北京,平谷区,二级,奥诺美目标医院,,,,奥诺美重点医院,有效,
2042,北京市平谷区医院,北京,北京,平谷区,二级,奥诺美目标医院,,,,奥诺美重点医院,有效,
2202,民航总医院,北京,北京,朝阳区,三级,奥诺美目标医院,,,,奥诺美重点医院,有效,
1771,北京地坛医院,北京,北京,朝阳区,三级,奥诺美目标医院,,,,奥诺美重点医院,有效,
2211,首都医科大学附属北京安贞医院,北京,北京,朝阳区,三级,奥诺美目标医院,,,,奥诺美重点医院,有效,
2175,北京中医药大学第三附属医院,北京,北京,朝阳区,二级,奥诺美目标医院,,,,奥诺美重点医院,有效,
21102,首都医科大学附属北京中医医院,北京,北京,东城区,三级,奥诺美目标医院,,,,奥诺美重点医院,有效,
1943,北京市朝阳区第二医院,北京,北京,朝阳区,二级,奥诺美目标医院,,,,奥诺美重点医院,有效,
2009,北京市和平里医院,北京,北京,东城区,二级,奥诺美目标医院,,,,奥诺美重点医院,有效,
20985,中国人民解放军北京军区总医院,北京,北京,东城区,三级,奥诺美目标医院,,,,奥诺美重点医院,有效,
2199,煤炭总医院,北京,北京,朝阳区,三级,奥诺美目标医院,,,,奥诺美重点医院,有效,
2252,中国中医科学院望京医院,北京,北京,朝阳区,三级,奥诺美目标医院,,,,奥诺美重点医院,有效,
2011,北京市红十字会急诊抢救中心,北京,北京,朝阳区,二级,奥诺美目标医院,,,,奥诺美重点医院,有效,
24332,北京武警总队第二医院,北京,北京,西城区,三级,奥诺美目标医院,,,,奥诺美重点医院,有效,
1761,北京大学第三医院,北京,北京,海淀区,三级,奥诺美目标医院,,,,奥诺美重点医院,有效,
2084,北京市宣武区中医医院,北京,北京,宣武区,三级,奥诺美目标医院,,,,奥诺美重点医院,有效,
1907,北京前海股骨头医院,北京,北京,西城区,未评级,奥诺美目标医院,,,,奥诺美重点医院,有效,
1764,北京大学人民医院,北京,北京,西城区,三级,奥诺美目标医院,,,,奥诺美重点医院,有效,
1939,北京市昌平区医院,北京,北京,昌平区,二级,奥诺美目标医院,,,,奥诺美重点医院,有效,
2048,北京市上地医院,北京,北京,海淀区,二级,奥诺美目标医院,,,,奥诺美重点医院,有效,
1940,北京市昌平区中医医院,北京,北京,昌平区,二级,奥诺美目标医院,,,,奥诺美重点医院,有效,
2030,北京市门头沟区医院,北京,北京,门头沟区,二级,奥诺美目标医院,,,,奥诺美重点医院,有效,
1762,北京大学第一医院,北京,北京,西城区,三级,奥诺美目标医院,,,,奥诺美重点医院,有效,
1974,北京市第二医院,北京,北京,西城区,二级,奥诺美目标医院,,,,奥诺美重点医院,有效,
1858,北京京煤集团总医院,北京,北京,门头沟区,三级,奥诺美目标医院,,,,奥诺美重点医院,有效,
20988,解放军总医院第一附属医院,北京,北京,海淀区,三级,奥诺美目标医院,,,,奥诺美重点医院,有效,
21011,空军航空医学研究所附属医院,北京,北京,海淀区,三级,奥诺美目标医院,,,,奥诺美重点医院,有效,
2247,中国医学科学院北京协和医院,北京,北京,东城区,三级,奥诺美目标医院,,,,奥诺美重点医院,有效,
2076,北京市西城区展览路医院,北京,北京,西城区,二级,奥诺美目标医院,,,,奥诺美重点医院,有效,
2014,北京市怀柔区第二医院,北京,北京,怀柔区,二级,奥诺美目标医院,,,,奥诺美重点医院,有效,
2015,北京市怀柔区第一医院,北京,北京,怀柔区,二级,奥诺美目标医院,,,,奥诺美重点医院,有效,
2219,首都医科大学附属复兴医院,北京,北京,西城区,三级,奥诺美目标医院,,,,奥诺美重点医院,有效,
2017,北京市怀柔区中医医院,北京,北京,怀柔区,二级,奥诺美目标医院,,,,奥诺美重点医院,有效,
20971,中国人民解放军第305医院,北京,北京,西城区,三级,奥诺美目标医院,,,,奥诺美重点医院,有效,
1767,北京大学医院,北京,北京,海淀区,二级,奥诺美目标医院,,,,奥诺美重点医院,有效,
1927,北京世纪坛医院,北京,北京,海淀区,三级,奥诺美目标医院,,,,奥诺美重点医院,有效,
2045,北京市普仁医院,北京,北京,崇文区,二级,奥诺美目标医院,,,,奥诺美重点医院,有效,
20990,北京军区261医院,北京,北京,海淀区,三级,奥诺美目标医院,,,,奥诺美重点医院,有效,
2087,北京市延庆县中医医院,北京,北京,延庆县,二级,奥诺美目标医院,,,,奥诺美重点医院,有效,
20989,北京第二炮兵总医院,北京,北京,西城区,三级,奥诺美目标医院,,,,奥诺美重点医院,有效,
20991,北京解放军306医院,北京,北京,朝阳区,三级,奥诺美目标医院,,,,奥诺美重点医院,有效,
2226,延庆县医院,北京,北京,延庆县,二级,奥诺美目标医院,,,,奥诺美重点医院,有效,
1763,北京大学口腔医院,北京,北京,海淀区,三级,奥诺美目标医院,,,,奥诺美重点医院,有效,
20969,北京解放军309医院,北京,北京,海淀区,三级,奥诺美目标医院,,,,奥诺美重点医院,有效,
21103,北京王府中西医结合医院,北京,北京,昌平区,三级,奥诺美目标医院,,,,奥诺美重点医院,有效,
21117,北京三博脑科医院,北京,北京,海淀区,二级,奥诺美目标医院,,,,奥诺美重点医院,有效,
1878,北京老年医院,北京,北京,海淀区,三级,奥诺美目标医院,,,,奥诺美重点医院,有效,
29807,昌平区妇幼医院,北京,北京,昌平区,二级,奥诺美目标医院,,,,奥诺美重点医院,有效,
2090,北京市中西医结合医院,北京,北京,海淀区,二级,奥诺美目标医院,,,,奥诺美重点医院,有效,
2205,清华大学玉泉医院,北京,北京,石景山区,二级,奥诺美目标医院,,,,奥诺美重点医院,有效,
2220,首都医科大学宣武医院,北京,北京,宣武区,三级,奥诺美目标医院,,,,奥诺美重点医院,有效,
2254,中国中医研究院广安门医院,北京,北京,宣武区,三级,奥诺美目标医院,,,,奥诺美重点医院,有效,
2024,北京市健宫医院,北京,北京,宣武区,二级,奥诺美目标医院,,,,奥诺美重点医院,有效,
1996,北京市丰台区铁营医院,北京,北京,丰台区,二级,奥诺美目标医院,,,,奥诺美重点医院,有效,
2218,首都医科大学附属北京友谊医院,北京,北京,宣武区,三级,奥诺美目标医院,,,,奥诺美重点医院,有效,
2234,中国康复研究中心-北京博爱医院,北京,北京,丰台区,三级,奥诺美目标医院,,,,奥诺美重点医院,有效,
1774,北京电力医院,北京,北京,丰台区,三级,奥诺美目标医院,,,,奥诺美重点医院,有效,
2018,北京市回民医院,北京,北京,宣武区,二级,奥诺美目标医院,,,,奥诺美重点医院,有效,
2221,首都医科大学中医药学院附属鼓楼中医医院,北京,北京,东城区,二级,奥诺美目标医院,,,,奥诺美重点医院,有效,
2250,中国医学科学院肿瘤医院肿瘤研究所,北京,北京,朝阳区,三级,奥诺美目标医院,,,,奥诺美重点医院,有效,
2201,密云县中医院,北京,北京,密云县,二级,奥诺美目标医院,,,,奥诺美重点医院,有效,
2181,北京肿瘤医院,北京,北京,海淀区,三级,奥诺美目标医院,,,,奥诺美重点医院,有效,
2035,北京市密云县医院,北京,北京,密云县,二级,奥诺美目标医院,,,,奥诺美重点医院,有效,
20975,北京武警总队医院,北京,北京,朝阳区,三级,奥诺美目标医院,,,,奥诺美重点医院,有效,
1956,北京市潮白河骨伤科医院,北京,北京,顺义区,二级,奥诺美目标医院,,,,奥诺美重点医院,有效,
2061,北京市顺义区医院,北京,北京,顺义区,二级,奥诺美目标医院,,,,奥诺美重点医院,有效,
2062,北京市顺义区中医医院,北京,北京,顺义区,二级,奥诺美目标医院,,,,奥诺美重点医院,有效,
2007,北京市海淀医院,北京,北京,海淀区,二级,奥诺美目标医院,,,,奥诺美重点医院,有效,
2089,北京市中关村医院,北京,北京,海淀区,二级,奥诺美目标医院,,,,奥诺美重点医院,有效,
1990,北京市丰盛中医骨伤专科医院,北京,北京,西城区,二级,奥诺美目标医院,,,,奥诺美重点医院,有效,
2143,北京燕化医院,北京,北京,房山区,三级,奥诺美目标医院,,,,奥诺美重点医院,有效,
2178,北京中医药大学附属护国寺中医医院,北京,北京,西城区,二级,奥诺美目标医院,,,,奥诺美重点医院,有效,
1966,北京市垂杨柳医院,北京,北京,朝阳区,二级,奥诺美目标医院,,,,奥诺美重点医院,有效,
2231,中国核工业北京四0一医院,北京,北京,房山区,二级,奥诺美目标医院,,,,奥诺美重点医院,有效,
2096,北京水利医院,北京,北京,海淀区,二级,奥诺美目标医院,,,,奥诺美重点医院,有效,
2255,中国中医研究院西苑医院,北京,北京,海淀区,三级,奥诺美目标医院,,,,奥诺美重点医院,有效,
20986,海军总医院,北京,北京,海淀区,三级,奥诺美目标医院,,,,奥诺美重点医院,有效,
1822,北京和睦家妇婴医疗保健中心,北京,北京,朝阳区,二级,奥诺美目标医院,,,,奥诺美重点医院,有效,
2091,北京首都机场医院,北京,北京,朝阳区,二级,奥诺美目标医院,,,,奥诺美重点医院,有效,
1820,北京航天总医院,北京,北京,丰台区,二级,奥诺美目标医院,,,,奥诺美重点医院,有效,
1995,北京市丰台区南苑医院,北京,北京,丰台区,二级,奥诺美目标医院,,,,奥诺美重点医院,有效,
21009,空军总医院,北京,北京,海淀区,三级,奥诺美目标医院,,,,奥诺美重点医院,有效,
5475,河北医科大学第三医院,河北,石家庄,桥西区,三级,奥诺美目标医院,,,,奥诺美重点医院,有效,
21122,白求恩国际和平医院（和平医院物资采购科）,河北,石家庄,晋州市,三级,奥诺美目标医院,,,,奥诺美重点医院,有效,
5891,石家庄市第一医院,河北,石家庄,长安区,三级,奥诺美目标医院,,,,奥诺美重点医院,有效,
5900,石家庄市中心医院,河北,石家庄,长安区,二级,奥诺美目标医院,,,,奥诺美重点医院,有效,
5901,石家庄市中医院,河北,石家庄,桥西区,三级,奥诺美目标医院,,,,奥诺美重点医院,有效,
5877,石家庄平安医院,河北,石家庄,裕华区,三级,奥诺美目标医院,,,,奥诺美重点医院,有效,
5446,河北省人民医院,河北,石家庄,新华区,三级,奥诺美目标医院,,,,奥诺美重点医院,有效,
5473,河北医科大学第二医院,河北,石家庄,新华区,三级,奥诺美目标医院,,,,奥诺美重点医院,有效,
5172,保定市第一医院,河北,保定,北市区,二级,奥诺美目标医院,,,,奥诺美重点医院,有效,
20992,252医院,河北,保定,北市区,三级,奥诺美目标医院,,,,奥诺美重点医院,有效,
5419,河北大学附属医院,河北,保定,南市区,三级,奥诺美目标医院,,,,奥诺美重点医院,有效,
5173,保定市第一中心医院,河北,保定,北市区,二级,奥诺美目标医院,,,,奥诺美重点医院,有效,
5456,河北省胸科医院,河北,石家庄,桥东区,三级,奥诺美目标医院,,,,奥诺美重点医院,有效,
5463,河北省中医院,河北,石家庄,长安区,三级,奥诺美目标医院,,,,奥诺美重点医院,有效,
5476,河北医科大学第四医院,河北,石家庄,桥东区,三级,奥诺美目标医院,,,,奥诺美重点医院,有效,
20994,解放军260医院,河北,石家庄,长安区,二级,奥诺美目标医院,,,,奥诺美重点医院,有效,
5501,衡水市哈励逊国际和平医院,河北,衡水,桃城区,三级,奥诺美目标医院,,,,奥诺美重点医院,有效,
5477,河北医科大学第一医院,河北,石家庄,裕华区,三级,奥诺美目标医院,,,,奥诺美重点医院,有效,
6207,正定县人民医院,河北,石家庄,正定县,二级,奥诺美目标医院,,,,奥诺美重点医院,有效,
5888,石家庄市第三医院,河北,石家庄,长安区,三级,奥诺美目标医院,,,,奥诺美重点医院,有效,
5435,河北省儿童医院,河北,石家庄,裕华区,三级,奥诺美目标医院,,,,奥诺美重点医院,有效,
5496,衡水市第二人民医院,河北,衡水,桃城区,二级,奥诺美目标医院,,,,奥诺美重点医院,有效,
6115,邢台市人民医院,河北,邢台,桥东区,三级,奥诺美目标医院,,,,奥诺美重点医院,有效,
5383,邯郸市第一医院,河北,邯郸,丛台区,三级,奥诺美目标医院,,,,奥诺美重点医院,有效,
5399,邯郸市中心医院,河北,邯郸,邯山区,三级,奥诺美目标医院,,,,奥诺美重点医院,有效,
5422,河北工程大学附属医院,河北,邯郸,丛台区,三级,奥诺美目标医院,,,,奥诺美重点医院,有效,
5398,邯郸市中西结合医院,河北,邯郸,邯山区,三级,奥诺美目标医院,,,,奥诺美重点医院,有效,
5400,邯郸市中医院,河北,邯郸,邯山区,三级,奥诺美目标医院,,,,奥诺美重点医院,有效,
5283,峰峰集团有限公司总医院,河北,邯郸,峰峰矿区,三级,奥诺美目标医院,,,,奥诺美重点医院,有效,
15420,山西省肿瘤医院,山西,太原,杏花岭区,三级,奥诺美目标医院,,,,奥诺美重点医院,有效,
15432,山西医科大学第二医院,山西,太原,杏花岭区,三级,奥诺美目标医院,,,,奥诺美重点医院,有效,
15585,太原市中心医院,山西,太原,杏花岭区,三级,奥诺美目标医院,,,,奥诺美重点医院,有效,
15729,阳泉煤业（集团）有限责任公司总医院,山西,阳泉,矿区,三级,奥诺美目标医院,,,,奥诺美重点医院,有效,
15739,阳泉市第一人民医院,山西,阳泉,城区,三级,奥诺美目标医院,,,,奥诺美重点医院,有效,
15143,晋中市第一人民医院,山西,晋中,榆次区,三级,奥诺美目标医院,,,,奥诺美重点医院,有效,
15393,山西省烧伤救治中心,山西,太原,杏花岭区,三级,奥诺美目标医院,,,,奥诺美重点医院,有效,
15434,山西医科大学第一医院,山西,太原,迎泽区,三级,奥诺美目标医院,,,,奥诺美重点医院,有效,
15389,山西省人民医院,山西,太原,迎泽区,三级,奥诺美目标医院,,,,奥诺美重点医院,有效,
15690,忻州市人民医院,山西,忻州,忻府区,三级,奥诺美目标医院,,,,奥诺美重点医院,有效,
20996,解放军第264医院,山西,太原,迎泽区,三级,奥诺美目标医院,,,,奥诺美重点医院,有效,
15364,山西省第二人民医院,山西,太原,迎泽区,三级,奥诺美目标医院,,,,奥诺美重点医院,有效,
15419,山西省中医药研究院(山西省中医院),山西,太原,迎泽区,三级,奥诺美目标医院,,,,奥诺美重点医院,有效,
14919,大同市第五人民医院,山西,大同,城区,三级,奥诺美目标医院,,,,奥诺美重点医院,有效,
14917,大同市第三人民医院,山西,大同,城区,三级,奥诺美目标医院,,,,奥诺美重点医院,有效,
20997,山西武警总医院,山西,太原,娄烦县,三级,奥诺美目标医院,,,,奥诺美重点医院,有效,
15514,太原钢铁（集团）有限公司总医院,山西,太原,尖草坪区,三级,奥诺美目标医院,,,,奥诺美重点医院,有效,
15302,山西大医院,山西,太原,小店区,三级,奥诺美目标医院,,,,奥诺美重点医院,有效,
15326,山西焦煤西山煤电集团公司职工总医院,山西,太原,万柏林区,三级,奥诺美目标医院,,,,奥诺美重点医院,有效,
15403,山西省心血管疾病医院,山西,太原,万柏林区,三级,奥诺美目标医院,,,,奥诺美重点医院,有效,
14906,大同煤矿集团有限责任公司总医院,山西,大同,矿区,三级,奥诺美目标医院,,,,奥诺美重点医院,有效,
5168,保定市第三医院,河北,保定,北市区,二级,奥诺美目标医院,,,,奥诺美重点医院,有效,
5167,保定市第二中心医院,河北,保定,开发区,三级,奥诺美目标医院,,,,奥诺美重点医院,有效,
5166,保定市第二医院,河北,保定,新市区,三级,奥诺美目标医院,,,,奥诺美重点医院,有效,
15369,山西省汾阳医院,山西,吕梁,汾阳,三级,奥诺美目标医院,,,,奥诺美重点医院,有效,
14864,长治医学院附属和平医院,山西,长治,城区,三级,奥诺美目标医院,,,,奥诺美重点医院,有效,
15189, 山西省临汾医院,山西,临汾,尧都区,三级,奥诺美目标医院,,,,奥诺美重点医院,有效,
5262,定州市人民医院,河北,保定,定州市博陵街,二级,奥诺美目标医院,,,,奥诺美重点医院,有效,
12,定州市第二医院,河北,保定,定州市,二级,奥诺美目标医院,,,,奥诺美重点医院,有效,
18276,天津市汉沽区医院,天津,天津,汉沽区,二级,奥诺美目标医院,,,,奥诺美重点医院,有效,
18325,天津市宁河县医院,天津,天津,宁河县,二级,奥诺美目标医院,,,,奥诺美重点医院,有效,
18338,天津市天津医院,天津,天津,河西区,三级,奥诺美目标医院,,,,奥诺美重点医院,有效,
18356,天津市医科大学第二医院,天津,天津,河西区,三级,奥诺美目标医院,,,,奥诺美重点医院,有效,
18256,天津市大港医院,天津,天津,大港区,二级,奥诺美目标医院,,,,奥诺美重点医院,有效,
18395,油田总医院,天津,天津,大港区,二级,奥诺美目标医院,,,,奥诺美重点医院,有效,
18343,天津市武清区人民医院,天津,天津,武清区,二级,奥诺美目标医院,,,,奥诺美重点医院,有效,
18351,天津市胸科医院,天津,天津,和平区,三级,奥诺美目标医院,,,,奥诺美重点医院,有效,
18361,天津市中西医结合医院,天津,天津,南开区,三级,奥诺美目标医院,,,,奥诺美重点医院,有效,
18319,天津市南开区黄河医院,天津,天津,南开区,二级,奥诺美目标医院,,,,奥诺美重点医院,有效,
18344,天津市武清区中医医院,天津,天津,武清区,二级,奥诺美目标医院,,,,奥诺美重点医院,有效,
18349,天津市西青医院,天津,天津,西青区,二级,奥诺美目标医院,,,,奥诺美重点医院,有效,
18328,天津市人民医院,天津,天津,红桥区,三级,奥诺美目标医院,,,,奥诺美重点医院,有效,
18260,天津市第四医院,天津,天津,河西区,三级,奥诺美目标医院,,,,奥诺美重点医院,有效,
20977,武警后勤学院附属医院（武警部队医学院附属医院）,天津,天津,河东区,三级,奥诺美目标医院,,,,奥诺美重点医院,有效,
18274,天津市海河医院,天津,天津,津南区,未评级,奥诺美目标医院,,,,奥诺美重点医院,有效,
18261,天津市第四中心医院,天津,天津,河北区,三级,奥诺美目标医院,,,,奥诺美重点医院,有效,
5602,廊坊市人民医院,天津,廊坊,广阳区,三级,奥诺美目标医院,,,,奥诺美重点医院,有效,
6218,中国石油天然气集团公司中心医院,天津,廊坊,广阳区,三级,奥诺美目标医院,,,,奥诺美重点医院,有效,
20978,中国人民解放军第254医院,天津,天津,河北区,三级,奥诺美目标医院,,,,奥诺美重点医院,有效,
18251,天津市北辰医院,天津,天津,北辰区,二级,奥诺美目标医院,,,,奥诺美重点医院,有效,
21108,天津市第一中心医院东院,天津,天津,河东区,三级,奥诺美目标医院,,,,奥诺美重点医院,有效,
5199,沧州市人民医院,天津,沧州,新华区,三级,奥诺美目标医院,,,,奥诺美重点医院,有效,
5203,沧州市中心医院,天津,沧州,运河区,三级,奥诺美目标医院,,,,奥诺美重点医院,有效,
18264,天津市第一中心医院,天津,天津,南开区,三级,奥诺美目标医院,,,,奥诺美重点医院,有效,
18362,天津市中心妇产科医院,天津,天津,和平区,三级,奥诺美目标医院,,,,奥诺美重点医院,有效,
20981,天津市二七二医院,天津,天津,和平区,二级,奥诺美目标医院,,,,奥诺美重点医院,有效,
18390,天津中医药大学第一附属医院,天津,天津,南开区,三级,奥诺美目标医院,,,,奥诺美重点医院,有效,
18311,天津市静海县医院,天津,天津,静海县,三级,奥诺美目标医院,,,,奥诺美重点医院,有效,
18365,天津市肿瘤医院,天津,天津,河西区,三级,奥诺美目标医院,,,,奥诺美重点医院,有效,
18304,天津市环湖医院,天津,天津,河西区,三级,奥诺美目标医院,,,,奥诺美重点医院,有效,
18381,天津医科大学总医院,天津,天津,和平区,三级,奥诺美目标医院,,,,奥诺美重点医院,有效,
20976,中国人民解放军北京军区天津疗养院(原解放军464医院）,天津,天津,南开区,二级,奥诺美目标医院,,,,奥诺美重点医院,有效,
18272,天津市公安医院,天津,天津,和平区,二级,奥诺美目标医院,,,,奥诺美重点医院,有效,
18162,泰达国际心血管病医院,天津,天津,塘沽区,三级,奥诺美目标医院,,,,奥诺美重点医院,有效,
18262,天津市第五中心医院,天津,天津,塘沽区,三级,奥诺美目标医院,,,,奥诺美重点医院,有效,
18329,天津市泰达医院,天津,天津,塘沽区,二级,奥诺美目标医院,,,,奥诺美重点医院,有效,
18259,天津市第三中心医院,天津,天津,河东区,三级,奥诺美目标医院,,,,奥诺美重点医院,有效,
18265,天津市东丽区东丽医院,天津,天津,东丽区,二级,奥诺美目标医院,,,,奥诺美重点医院,有效,
18183,天津港口医院,天津,天津,塘沽区,二级,奥诺美目标医院,,,,奥诺美重点医院,有效,
5963,唐山市工人医院,天津,唐山,路北区,三级,奥诺美目标医院,,,,奥诺美重点医院,有效,
5739,秦皇岛市第二医院,天津,秦皇岛,昌黎县,三级,奥诺美目标医院,,,,奥诺美重点医院,有效,
5743,秦皇岛市第一医院,天津,秦皇岛,海港区,三级,奥诺美目标医院,,,,奥诺美重点医院,有效,
5984,唐山市中医医院,天津,唐山,路北区,三级,奥诺美目标医院,,,,奥诺美重点医院,有效,
5569,开滦（集团）有限责任公司医院,天津,唐山,路北区,三级,奥诺美目标医院,,,,奥诺美重点医院,有效,
5511,河北联合大学附属医院（华北煤炭医学院附属医院）,天津,唐山,路北区,三级,奥诺美目标医院,,,,奥诺美重点医院,有效,
18308,未命名1,天津,天津,津南区,二级,奥诺美目标医院,,,,奥诺美重点医院,有效,
18236,未命名2,天津,天津,河西区,二级,奥诺美目标医院,,,,奥诺美重点医院,有效,
100006,未命名3,天津,天津,塘沽区,一级,奥诺美目标医院,,,,奥诺美重点医院,有效,
3197,广东省人民医院,广东,广州,越秀区,三级,奥诺美目标医院,,,,奥诺美重点医院,有效,
3229,广东药学院附属第一医院,广东,广州,越秀区,三级,奥诺美目标医院,,,,奥诺美重点医院,有效,
3314,广州市花都区人民医院,广东,广州,花都区,三级,奥诺美目标医院,,,,奥诺美重点医院,有效,
3279,广州市第八人民医院,广东,广州,越秀区,三级,奥诺美目标医院,,,,奥诺美重点医院,有效,
3281,广州市第十二人民医院,广东,广州,天河区,三级,奥诺美目标医院,,,,奥诺美重点医院,有效,
3282,广州市第一人民医院,广东,广州,越秀区,三级,奥诺美目标医院,,,,奥诺美重点医院,有效,
3380,广州中医药大学第一附属医院,广东,广州,白云区,三级,奥诺美目标医院,,,,奥诺美重点医院,有效,
3283,广州市第一人民医院鹤洞分院,广东,广州,荔湾区,未评级,奥诺美目标医院,,,,奥诺美重点医院,有效,
3381,广州中医药大学附属骨伤科医院,广东,广州,海珠区,二级,奥诺美目标医院,,,,奥诺美重点医院,有效,
3351,广州市越秀区人民医院,广东,广州,越秀区,二级,奥诺美目标医院,,,,奥诺美重点医院,有效,
3356,广州市中医医院,广东,广州,荔湾区,三级,奥诺美目标医院,,,,奥诺美重点医院,有效,
2984,从化市中心医院,广东,广州,从化市,二级,奥诺美目标医院,,,,奥诺美重点医院,有效,
3223,广东省中医院,广东,广州,越秀区,三级,奥诺美目标医院,,,,奥诺美重点医院,有效,
2985,从化市中医医院,广东,广州,从化市,二级,奥诺美目标医院,,,,奥诺美重点医院,有效,
3144,广东省第二中医院,广东,广州,越秀区,三级,奥诺美目标医院,,,,奥诺美重点医院,有效,
3346,广州市胸科医院,广东,广州,越秀区,三级,奥诺美目标医院,,,,奥诺美重点医院,有效,
3357,广州市肿瘤医院,广东,广州,越秀区,三级,奥诺美目标医院,,,,奥诺美重点医院,有效,
3367,广州医学院第一附属医院,广东,广州,越秀区,三级,奥诺美目标医院,,,,奥诺美重点医院,有效,
3272,广州市白云区人民医院,广东,广州,白云区,二级,奥诺美目标医院,,,,奥诺美重点医院,有效,
3368,广州医学院第一附属医院微创外科中心,广东,广州,海珠区,三级,奥诺美目标医院,,,,奥诺美重点医院,有效,
3143,广东省第二人民医院,广东,广州,海珠区,二级,奥诺美目标医院,,,,奥诺美重点医院,有效,
3309,广州市红十字会医院,广东,广州,海珠区,三级,奥诺美目标医院,,,,奥诺美重点医院,有效,
3365,广州医学院第二附属医院,广东,广州,海珠区,三级,奥诺美目标医院,,,,奥诺美重点医院,有效,
3366,广州医学院第三附属医院,广东,广州,荔湾区,三级,奥诺美目标医院,,,,奥诺美重点医院,有效,
3288,广州市番禺区第二人民医院,广东,广州,番禺区,二级,奥诺美目标医院,,,,奥诺美重点医院,有效,
23725,广州市番禺区中心医院,广东,广州,番禺区,二级,奥诺美目标医院,,,,奥诺美重点医院,有效,
23458,广州市番禺区何贤纪念医院,广东,广州,番禺区,未评级,奥诺美目标医院,,,,奥诺美重点医院,有效,
3079,番禺区中医院,广东,广州,番禺区,未评级,奥诺美目标医院,,,,奥诺美重点医院,有效,
3287,广州市番禺区大石人民医院,广东,广州,番禺区,一级,奥诺美目标医院,,,,奥诺美重点医院,有效,
3299,广州市番禺区市桥医院,广东,广州,番禺区,一级,奥诺美目标医院,,,,奥诺美重点医院,有效,
3382,广州中医药大学祈福医院(广东祈福医院有限公司),广东,广州,番禺区,未评级,奥诺美目标医院,,,,奥诺美重点医院,有效,
3939,中山大学肿瘤防治中心,广东,广州,越秀区,三级,奥诺美目标医院,,,,奥诺美重点医院,有效,
21013,广州海军医院,广东,广州,海珠区,三级,奥诺美目标医院,,,,奥诺美重点医院,有效,
3307,广州市海珠区第一人民医院,广东,广州,海珠区,三级,奥诺美目标医院,,,,奥诺美重点医院,有效,
3932,中山大学附属第二医院,广东,广州,越秀区,三级,奥诺美目标医院,,,,奥诺美重点医院,有效,
3933,中山大学附属第二医院南院,广东,广州,海珠区,三级,奥诺美目标医院,,,,奥诺美重点医院,有效,
21014,广东省广州市157医院,广东,广州,从化市,三级,奥诺美目标医院,,,,奥诺美重点医院,有效,
3934,中山大学附属第三医院,广东,广州,天河区,三级,奥诺美目标医院,,,,奥诺美重点医院,有效,
3456,暨南大学附属第一医院,广东,广州,天河区,三级,奥诺美目标医院,,,,奥诺美重点医院,有效,
3330,广州市荔湾区人民医院,广东,广州,荔湾区,二级,奥诺美目标医院,,,,奥诺美重点医院,有效,
3936,中山大学附属第一医院,广东,广州,越秀区,三级,奥诺美目标医院,,,,奥诺美重点医院,有效,
3982,中山医科大学附属第六医院,广东,广州,天河区,二级,奥诺美目标医院,,,,奥诺美重点医院,有效,
21220,广州市中山医科大学黄埔医院（中山大学附属第一医院黄埔院区）,广东,广州,黄埔区,二级,奥诺美目标医院,,,,奥诺美重点医院,有效,
3564,南方医院,广东,广州,白云区,三级,奥诺美目标医院,,,,奥诺美重点医院,有效,
3561,南方医科大学附属华瑞医院,广东,广州,天河区,三级,奥诺美目标医院,,,,奥诺美重点医院,有效,
27295,南方医科大学中西医结合医院,广东,广州,海珠区,二级,奥诺美目标医院,,,,奥诺美重点医院,有效,
3137,广东三九脑科医院,广东,广州,白云区,三级,奥诺美目标医院,,,,奥诺美重点医院,有效,
23828,武警广东总队医院,广东,广州,天河区,三级,奥诺美目标医院,,,,奥诺美重点医院,有效,
21029,广州军区广州总医院（广州军区第一直属医院(原联勤部门诊部)）,广东,广州,天河区,三级,奥诺美目标医院,,,,奥诺美重点医院,有效,
3369,广州医学院第五附属医院（广州医学院港湾医院）,广东,广州,黄埔区,未评级,奥诺美目标医院,,,,奥诺美重点医院,有效,
3241,广州复大肿瘤医院,广东,广州,海珠区,二级,奥诺美目标医院,,,,奥诺美重点医院,有效,
21030,广东省空军458医院,广东,广州,南沙区,三级,奥诺美目标医院,,,,奥诺美重点医院,有效,
3563,南方医科大学珠江医院,广东,广州,海珠区,三级,奥诺美目标医院,,,,奥诺美重点医院,有效,
3576,南洋肿瘤医院北京中西医结合学会肿瘤医院广州分院,广东,广州,白云区,二级,奥诺美目标医院,,,,奥诺美重点医院,有效,
3097,佛山市第一人民医院,广东,佛山,禅城区,三级,奥诺美目标医院,,,,奥诺美重点医院,有效,
3110,佛山市三水区人民医院,广东,佛山,三水区,二级,奥诺美目标医院,,,,奥诺美重点医院,有效,
3119,佛山市中医院,广东,佛山,禅城区,三级,奥诺美目标医院,,,,奥诺美重点医院,有效,
3094,佛山市第二人民医院,广东,佛山,禅城区,二级,奥诺美目标医院,,,,奥诺美重点医院,有效,
3092,佛山市禅城区中心医院,广东,佛山,禅城区,三级,奥诺美目标医院,,,,奥诺美重点医院,有效,
3566,南海区人民医院,广东,佛山,南海区,三级,奥诺美目标医院,,,,奥诺美重点医院,有效,
3570,南海区中医院,广东,佛山,南海区,二级,奥诺美目标医院,,,,奥诺美重点医院,有效,
3099,佛山市高明区人民医院(更合镇合水卫生院),广东,佛山,高明区,二级,奥诺美目标医院,,,,奥诺美重点医院,有效,
23900,佛山市南海区黄歧医院,广东,佛山,南海区,二级,奥诺美目标医院,,,,奥诺美重点医院,有效,
3116,佛山市顺德区中西医结合医院,广东,佛山,顺德区,二级,奥诺美目标医院,,,,奥诺美重点医院,有效,
21176,顺德区同江医院,广东,佛山,顺德区,二级,奥诺美目标医院,,,,奥诺美重点医院,有效,
21177,顺德区桂州医院,广东,佛山,顺德区,二级,奥诺美目标医院,,,,奥诺美重点医院,有效,
21180,顺德区容奇医院,广东,佛山,顺德区,二级,奥诺美目标医院,,,,奥诺美重点医院,有效,
21182,顺德区北滘医院,广东,佛山,顺德区,二级,奥诺美目标医院,,,,奥诺美重点医院,有效,
3785,顺德区第一人民医院,广东,佛山,顺德区,三级,奥诺美目标医院,,,,奥诺美重点医院,有效,
3947,中山市博爱医院,广东,中山,中山市,三级,奥诺美目标医院,,,,奥诺美重点医院,有效,
3967,中山市人民医院,广东,中山,中山市,三级,奥诺美目标医院,,,,奥诺美重点医院,有效,
3978,中山市小榄人民医院,广东,中山,中山市,二级,奥诺美目标医院,,,,奥诺美重点医院,有效,
3979,中山市中医院,广东,中山,中山市,三级,奥诺美目标医院,,,,奥诺美重点医院,有效,
3935,中山大学附属第五医院,广东,珠海,香洲区,三级,奥诺美目标医院,,,,奥诺美重点医院,有效,
4001,珠海市人民医院,广东,珠海,香洲区,三级,奥诺美目标医院,,,,奥诺美重点医院,有效,
3464,江门市人民医院,广东,江门,蓬江区,三级,奥诺美目标医院,,,,奥诺美重点医院,有效,
3465,江门市五邑中医院,广东,江门,蓬江区,三级,奥诺美目标医院,,,,奥诺美重点医院,有效,
21219,开平市中心医院,广东,江门,开平市,三级,奥诺美目标医院,,,,奥诺美重点医院,有效,
3798,台山市人民医院,广东,江门,台山市,二级,奥诺美目标医院,,,,奥诺美重点医院,有效,
3474,江门市中心医院,广东,江门,蓬江区,三级,奥诺美目标医院,,,,奥诺美重点医院,有效,
3409,鹤山市人民医院,广东,江门,鹤山市,二级,奥诺美目标医院,,,,奥诺美重点医院,有效,
3193,广东省农垦中心医院,广东,湛江,霞山区,三级,奥诺美目标医院,,,,奥诺美重点医院,有效,
3230,广东医学院附属医院,广东,湛江,霞山区,三级,奥诺美目标医院,,,,奥诺美重点医院,有效,
3910,湛江中心人民医院,广东,湛江,赤坎区,三级,奥诺美目标医院,,,,奥诺美重点医院,有效,
3897,湛江市第二中医医院,广东,湛江,霞山区,二级,奥诺美目标医院,,,,奥诺美重点医院,有效,
3900,湛江市第一中医医院,广东,湛江,赤坎区,二级,奥诺美目标医院,,,,奥诺美重点医院,有效,
24951,中国人民解放军第四二二医院,广东,湛江,霞山区,三级,奥诺美目标医院,,,,奥诺美重点医院,有效,
3720,深圳市第二人民医院,广东,深圳,福田区,三级,奥诺美目标医院,,,,奥诺美重点医院,有效,
3721,深圳市东湖医院,广东,深圳,罗湖区,未评级,奥诺美目标医院,,,,奥诺美重点医院,有效,
3724,深圳市福田区人民医院,广东,深圳,福田区,二级,奥诺美目标医院,,,,奥诺美重点医院,有效,
3752,深圳市人民医院,广东,深圳,罗湖区,三级,奥诺美目标医院,,,,奥诺美重点医院,有效,
3745,深圳市龙岗中心医院,广东,深圳,龙岗区,三级,奥诺美目标医院,,,,奥诺美重点医院,有效,
3748,深圳市南山区人民医院,广东,深圳,南山区,三级,奥诺美目标医院,,,,奥诺美重点医院,有效,
2968,北京大学深圳医院,广东,深圳,福田区,三级,奥诺美目标医院,,,,奥诺美重点医院,有效,
3714,深圳市宝安区人民医院,广东,深圳,宝安区,三级,奥诺美目标医院,,,,奥诺美重点医院,有效,
28486,深圳市滨海医院,广东,深圳,福田区,三级,奥诺美目标医院,,,,奥诺美重点医院,有效,
3449,惠州市中心人民医院,广东,惠州,惠城区,三级,奥诺美目标医院,,,,奥诺美重点医院,有效,
3452,惠州市中医院,广东,惠州,惠城区,三级,奥诺美目标医院,,,,奥诺美重点医院,有效,
3016,东莞市东华医院,广东,东莞,城区,三级,奥诺美目标医院,,,,奥诺美重点医院,有效,
3439,惠州市第二人民医院,广东,惠州,惠城区,未评级,奥诺美目标医院,,,,奥诺美重点医院,有效,
3040,东莞市康华医院,广东,东莞,城区,三级,奥诺美目标医院,,,,奥诺美重点医院,有效,
3047,东莞市人民医院,广东,东莞,城区,三级,奥诺美目标医院,,,,奥诺美重点医院,有效,
24015,惠州市第一人民医院,广东,惠州,惠城区,三级,奥诺美目标医院,,,,奥诺美重点医院,有效,
3608,汕头大学医学院第一附属医院,广东,汕头,金平区,三级,奥诺美目标医院,,,,奥诺美重点医院,有效,
3621,汕头市第二人民医院,广东,汕头,金平区,三级,奥诺美目标医院,,,,奥诺美重点医院,有效,
3609,汕头大学医学院附属肿瘤医院,广东,汕头,金平区,三级,奥诺美目标医院,,,,奥诺美重点医院,有效,
3607,汕头大学医学院第二附属医院,广东,汕头,金平区,三级,奥诺美目标医院,,,,奥诺美重点医院,有效,
3637,汕头市中心医院,广东,汕头,金平区,三级,奥诺美目标医院,,,,奥诺美重点医院,有效,
2410,南平市第一医院,福建,南平,延平区,三级,奥诺美目标医院,,,,奥诺美重点医院,有效,
2319,福建医科大学附属第一医院,福建,福州,台江区,三级,奥诺美目标医院,,,,奥诺美重点医院,有效,
2480,邵武市立医院,福建,南平,邵武市,二级,奥诺美目标医院,,,,奥诺美重点医院,有效,
2367,建瓯市立医院,福建,南平,建瓯市,二级,奥诺美目标医院,,,,奥诺美重点医院,有效,
2416,南平市人民医院,福建,南平,延平区,二级,奥诺美目标医院,,,,奥诺美重点医院,有效,
21044,解放军92医院,福建,南平,延平区,三级,奥诺美目标医院,,,,奥诺美重点医院,有效,
2428,宁德市医院,福建,宁德,宁德,三级,奥诺美目标医院,,,,奥诺美重点医院,有效,
2302,福建省立医院（福建省老年医院）,福建,福州,鼓楼区,三级,奥诺美目标医院,,,,奥诺美重点医院,有效,
2277,福鼎市医院,福建,宁德,福鼎市,二级,奥诺美目标医院,,,,奥诺美重点医院,有效,
2427,宁德市闽东医院,福建,宁德,福安市,三级,奥诺美目标医院,,,,奥诺美重点医院,有效,
2507,霞浦县医院,福建,宁德,霞浦县,二级,奥诺美目标医院,,,,奥诺美重点医院,有效,
2355,古田县医院,福建,宁德,古田县,二级,奥诺美目标医院,,,,奥诺美重点医院,有效,
2321,福建医科大学附属协和医院,福建,福州,鼓楼区,三级,奥诺美目标医院,,,,奥诺美重点医院,有效,
21255,福建省莆田市第一医院,福建,莆田,荔城区,三级,奥诺美目标医院,,,,奥诺美重点医院,有效,
21033,南京军区莆田第九五医院,福建,莆田,涵江区,三级,奥诺美目标医院,,,,奥诺美重点医院,有效,
2442,莆田学院附属医院,福建,莆田,涵江区,三级,奥诺美目标医院,,,,奥诺美重点医院,有效,
Temp008,福建省保健院,福建,福州,鼓楼区,三级,奥诺美目标医院,,,,奥诺美重点医院,有效,
21032,南京军区福州总医院,福建,福州,连江县,三级,奥诺美目标医院,,,,奥诺美重点医院,有效,
2470,三明市第一医院,福建,三明,梅列区,三级,奥诺美目标医院,,,,奥诺美重点医院,有效,
2467,三明市第二医院,福建,三明,永安市,三级,奥诺美目标医院,,,,奥诺美重点医院,有效,
2553,永安市立医院,福建,三明,永安市,二级,奥诺美目标医院,,,,奥诺美重点医院,有效,
2293,福建省福州市第二医院,福建,福州,仓山区,三级,奥诺美目标医院,,,,奥诺美重点医院,有效,
2344,福州市第一医院,福建,福州,台江区,三级,奥诺美目标医院,,,,奥诺美重点医院,有效,
2327,福清市医院,福建,福州,福清市,二级,奥诺美目标医院,,,,奥诺美重点医院,有效,
2323,福建中医学院附属人民医院,福建,福州,台江区,三级,奥诺美目标医院,,,,奥诺美重点医院,有效,
2317,福建省肿瘤医院,福建,福州,晋安区,三级,奥诺美目标医院,,,,奥诺美重点医院,有效,
23565,福州军区空军医院（476院）,福建,福州,晋安区,三级,奥诺美目标医院,,,,奥诺美重点医院,有效,
21043,福建省武警总队医院,福建,福州,鼓楼区,三级,奥诺美目标医院,,,,奥诺美重点医院,有效,
2287,福建省长乐市医院,福建,福州,长乐市,二级,奥诺美目标医院,,,,奥诺美重点医院,有效,
2509,厦门大学附属中山医院,福建,厦门,思明区,三级,奥诺美目标医院,,,,奥诺美重点医院,有效,
2540,厦门市中医院（厦门市中医院(江头分院)）,福建,厦门,思明区,三级,奥诺美目标医院,,,,奥诺美重点医院,有效,
2512,厦门光亮骨伤科医院,福建,厦门,思明区,未评级,奥诺美目标医院,,,,奥诺美重点医院,有效,
2456,泉州市第一医院,福建,泉州,鲤城区,三级,奥诺美目标医院,,,,奥诺美重点医院,有效,
2311,福建省医科大学附属第二医院,福建,泉州,鲤城区,三级,奥诺美目标医院,,,,奥诺美重点医院,有效,
21041,泉州解放军180医院,福建,泉州,丰泽区,三级,奥诺美目标医院,,,,奥诺美重点医院,有效,
21221,晋江市医院,福建,泉州,晋江市,二级,奥诺美目标医院,,,,奥诺美重点医院,有效,
2404,南安市医院,福建,泉州,南安市,二级,奥诺美目标医院,,,,奥诺美重点医院,有效,
21034,福建省解放军175医院,福建,漳州,芗城区,三级,奥诺美目标医院,,,,奥诺美重点医院,有效,
2315,福建省漳州市医院,福建,漳州,芗城区,三级,奥诺美目标医院,,,,奥诺美重点医院,有效,
2388,龙岩市第二医院,福建,龙岩,新罗区,三级,奥诺美目标医院,,,,奥诺美重点医院,有效,
2390,龙岩市第一医院,福建,龙岩,新罗区,三级,奥诺美目标医院,,,,奥诺美重点医院,有效,
2528,厦门市长庚医院,福建,厦门,思明区,三级,奥诺美目标医院,,,,奥诺美重点医院,有效,
2529,厦门市第二医院,福建,厦门,思明区,三级,奥诺美目标医院,,,,奥诺美重点医院,有效,
2531,厦门市第一医院,福建,厦门,思明区,三级,奥诺美目标医院,,,,奥诺美重点医院,有效,
2530,厦门市第三医院,福建,厦门,同安区,三级,奥诺美目标医院,,,,奥诺美重点医院,有效,
21042,厦门174医院,福建,厦门,思明区,三级,奥诺美目标医院,,,,奥诺美重点医院,有效,
2538,厦门市仙岳医院,福建,厦门,思明区,三级,奥诺美目标医院,,,,奥诺美重点医院,有效,
2539,厦门市翔安区同民医院,福建,厦门,翔安区,二级,奥诺美目标医院,,,,奥诺美重点医院,有效,
30118,厦门市妇幼保健院(厦门市林巧稚妇儿医院),福建,厦门,同安区,三级,奥诺美目标医院,,,,奥诺美重点医院,有效,
8774,武汉市中心医院,湖北,武汉,江岸区,三级,奥诺美目标医院,,,,奥诺美重点医院,有效,
8698,武汉钢铁（集团）公司职工总医院,湖北,武汉,青山区,三级,奥诺美目标医院,,,,奥诺美重点医院,有效,
8728,武汉市第六医院,湖北,武汉,江岸区,三级,奥诺美目标医院,,,,奥诺美重点医院,有效,
8494,华中科技大学同济医学院附属同济医院,湖北,武汉,硚口区,三级,奥诺美目标医院,,,,奥诺美重点医院,有效,
8495,华中科技大学同济医学院附属协和医院（武汉市协和医院）,湖北,武汉,江汉区,三级,奥诺美目标医院,,,,奥诺美重点医院,有效,
8584,荆州市中心医院,湖北,荆州,沙市区,三级,奥诺美目标医院,,,,奥诺美重点医院,有效,
8573,荆州市第一人民医院,湖北,荆州,沙市区,三级,奥诺美目标医院,,,,奥诺美重点医院,有效,
8854,亚洲心脏医院,湖北,武汉,江汉区,三级,奥诺美目标医院,,,,奥诺美重点医院,有效,
8640,十堰市人民医院,湖北,十堰,十堰,三级,奥诺美目标医院,,,,奥诺美重点医院,有效,
8641,十堰市太和医院,湖北,十堰,十堰,三级,奥诺美目标医院,,,,奥诺美重点医院,有效,
8692,武汉大学中南医院,湖北,武汉,武昌区,三级,奥诺美目标医院,,,,奥诺美重点医院,有效,
8773,武汉市中西医结合医院,湖北,武汉,桥口区,三级,奥诺美目标医院,,,,奥诺美重点医院,有效,
8489,湖北省肿瘤医院,湖北,武汉,洪山区,三级,奥诺美目标医院,,,,奥诺美重点医院,有效,
8469,湖北省人民医院,湖北,武汉,武昌区,三级,奥诺美目标医院,,,,奥诺美重点医院,有效,
8735,武汉市第五医院,湖北,武汉,汉阳区,三级,奥诺美目标医院,,,,奥诺美重点医院,有效,
8487,湖北省中医医院,湖北,武汉,武昌区,三级,奥诺美目标医院,,,,奥诺美重点医院,有效,
8831,襄樊市中心医院,湖北,襄樊,襄城区,三级,奥诺美目标医院,,,,奥诺美重点医院,有效,
8822,襄樊市第一人民医院（襄阳市第一人民医院）,湖北,襄樊,襄城区,三级,奥诺美目标医院,,,,奥诺美重点医院,有效,
31326,湖北省妇幼保健院（即湖北省妇女儿童医院，湖北省生殖保健中心）,湖北,武汉,武昌区,三级,奥诺美目标医院,,,,奥诺美重点医院,有效,
20979,广州军区武汉总医院,湖北,武汉,武昌区,三级,奥诺美目标医院,,,,奥诺美重点医院,有效,
8734,武汉市第四医院,湖北,武汉,桥口区,三级,奥诺美目标医院,,,,奥诺美重点医院,有效,
8730,武汉市第三医院,湖北,武汉,武昌区,三级,奥诺美目标医院,,,,奥诺美重点医院,有效,
8486,湖北省中山医院,湖北,武汉,硚口区,三级,奥诺美目标医院,,,,奥诺美重点医院,有效,
20980,湖北省武汉军区161医院,湖北,武汉,江夏区,三级,奥诺美目标医院,,,,奥诺美重点医院,有效,
8868,宜昌市第一人民医院,湖北,宜昌,西陵区,三级,奥诺美目标医院,,,,奥诺美重点医院,有效,
8880,宜昌市中心人民医院,湖北,宜昌,西陵区,三级,奥诺美目标医院,,,,奥诺美重点医院,有效,
11668,九江市第一人民医院,江西,九江,浔阳区,三级,奥诺美目标医院,,,,奥诺美重点医院,有效,
11609,江西省人民医院,江西,南昌,东湖区,三级,奥诺美目标医院,,,,奥诺美重点医院,有效,
11621,江西省肿瘤医院,江西,南昌,东湖区,三级,奥诺美目标医院,,,,奥诺美重点医院,有效,
11708,南昌大学第二附属医院,江西,南昌,东湖区,三级,奥诺美目标医院,,,,奥诺美重点医院,有效,
21036,中国人民解放军第94医院,江西,南昌,西湖区,三级,奥诺美目标医院,,,,奥诺美重点医院,有效,
21035,中国人民武装警察部队江西省总队医院,江西,南昌,青云谱区,三级,奥诺美目标医院,,,,奥诺美重点医院,有效,
11711,南昌大学第一附属医院,江西,南昌,东湖区,三级,奥诺美目标医院,,,,奥诺美重点医院,有效,
11616,江西省胸科医院,江西,南昌,东湖区,三级,奥诺美目标医院,,,,奥诺美重点医院,有效,
9644,中南大学湘雅一医院,湖南,长沙,开福区,三级,奥诺美目标医院,,,,奥诺美重点医院,有效,
9053,郴州市第一人民医院（集团）,湖南,郴州,北湖区,三级,奥诺美目标医院,,,,奥诺美重点医院,有效,
9005,长沙市中医院（市八医院）,湖南,长沙,长沙县,三级,奥诺美目标医院,,,,奥诺美重点医院,有效,
8997,长沙市四医院,湖南,长沙,岳麓区,三级,奥诺美目标医院,,,,奥诺美重点医院,有效,
9004,长沙市中心医院,湖南,长沙,雨花区,三级,奥诺美目标医院,,,,奥诺美重点医院,有效,
9642,中南大学湘雅二医院,湖南,长沙,芙蓉区,三级,奥诺美目标医院,,,,奥诺美重点医院,有效,
27151,湖南省妇幼保健院,湖南,长沙,芙蓉区,三级,奥诺美目标医院,,,,奥诺美重点医院,有效,
8989,长沙市第三医院,湖南,长沙,天心区,三级,奥诺美目标医院,,,,奥诺美重点医院,有效,
9000,长沙市一医院,湖南,长沙,开福区,三级,奥诺美目标医院,,,,奥诺美重点医院,有效,
9032,常德市第一人民医院,湖南,常德,武陵区,三级,奥诺美目标医院,,,,奥诺美重点医院,有效,
9643,中南大学湘雅三医院,湖南,长沙,岳麓区,三级,奥诺美目标医院,,,,奥诺美重点医院,有效,
9133,衡阳市中心医院,湖南,衡阳,雁峰区,三级,奥诺美目标医院,,,,奥诺美重点医院,有效,
9247,湖南省人民医院,湖南,长沙,芙蓉区,三级,奥诺美目标医院,,,,奥诺美重点医院,有效,
9423,南华大学第一附属医院,湖南,衡阳,石鼓区,三级,奥诺美目标医院,,,,奥诺美重点医院,有效,
9422,南华大学第二附属医院,湖南,衡阳,石鼓区,三级,奥诺美目标医院,,,,奥诺美重点医院,有效,
9236,湖南省脑科医院,湖南,长沙,雨花区,三级,奥诺美目标医院,,,,奥诺美重点医院,有效,
9400,浏阳市人民医院,湖南,长沙,浏阳市,二级,奥诺美目标医院,,,,奥诺美重点医院,有效,
9618,岳阳市第一人民医院,湖南,岳阳,岳阳楼区,三级,奥诺美目标医院,,,,奥诺美重点医院,有效,
9318,湖南省肿瘤医院,湖南,长沙,岳麓区,三级,奥诺美目标医院,,,,奥诺美重点医院,有效,
4128,广西医科大学第一附属医院,广西,南宁,青秀区,三级,奥诺美目标医院,,,,奥诺美重点医院,有效,
4160,广西壮族自治区肿瘤医院,广西,南宁,青秀区,三级,奥诺美目标医院,,,,奥诺美重点医院,有效,
24209,中国人民解放军第303医院,广西,南宁,青秀区,三级,奥诺美目标医院,,,,奥诺美重点医院,有效,
4134,广西中医学院第一附属医院,广西,南宁,青秀区,三级,奥诺美目标医院,,,,奥诺美重点医院,有效,
4107,广西壮族自治区民族医院,广西,南宁,西乡塘区,三级,奥诺美目标医院,,,,奥诺美重点医院,有效,
4325,南宁市第二人民医院,广西,南宁,江南区,三级,奥诺美目标医院,,,,奥诺美重点医院,有效,
4155,广西壮族自治区人民医院,广西,南宁,青秀区,三级,奥诺美目标医院,,,,奥诺美重点医院,有效,
4136,广西中医学院附属瑞康医院,广西,南宁,兴宁区,三级,奥诺美目标医院,,,,奥诺美重点医院,有效,
4334,南宁市第一人民医院,广西,南宁,青秀区,三级,奥诺美目标医院,,,,奥诺美重点医院,有效,
4080,广西骨伤医院,广西,南宁,青秀区,三级,奥诺美目标医院,,,,奥诺美重点医院,有效,
4195,桂林医学院附属医院,广西,桂林,秀峰区,三级,奥诺美目标医院,,,,奥诺美重点医院,有效,
4277,柳州市工人医院,广西,柳州,鱼峰区,三级,奥诺美目标医院,,,,奥诺美重点医院,有效,
4282,柳州市人民医院,广西,柳州,柳北区,三级,奥诺美目标医院,,,,奥诺美重点医院,有效,
4285,柳州市中医院,广西,柳州,城中区,三级,奥诺美目标医院,,,,奥诺美重点医院,有效,
4272,柳州市柳铁中心医院(柳州市第三人民医院),广西,柳州,柳南区,三级,奥诺美目标医院,,,,奥诺美重点医院,有效,
4154,广西壮族自治区南溪山医院,广西,桂林,象山区,三级,奥诺美目标医院,,,,奥诺美重点医院,有效,
19473,昆明市第一人民医院,云南,昆明,西山区,三级,奥诺美目标医院,,,,奥诺美重点医院,有效,
19506,昆明医学院第一附属医院,云南,昆明,五华区,三级,奥诺美目标医院,,,,奥诺美重点医院,有效,
19869,云南省第一人民医院,云南,昆明,西山区,三级,奥诺美目标医院,,,,奥诺美重点医院,有效,
21073,成都军区昆明总医院(解放军第43医院),云南,昆明,盘龙区,三级,奥诺美目标医院,,,,奥诺美重点医院,有效,
19804,玉溪市人民医院,云南,玉溪,红塔区,三级,奥诺美目标医院,,,,奥诺美重点医院,有效,
19505,昆明医学院第二附属医院,云南,昆明,五华区,三级,奥诺美目标医院,,,,奥诺美重点医院,有效,
19864,云南省第二人民医院,云南,昆明,五华区,三级,奥诺美目标医院,,,,奥诺美重点医院,有效,
19917,云南省肿瘤医院,云南,昆明,西山区,二级,奥诺美目标医院,,,,奥诺美重点医院,有效,
19503,昆明延安医院,云南,昆明,盘龙区,三级,奥诺美目标医院,,,,奥诺美重点医院,有效,
5012,海口市人民医院,海南,海口,美兰区,三级,奥诺美目标医院,,,,奥诺美重点医院,有效,
5033,海南省第三人民医院(海南农垦三亚医院),海南,三亚,市辖区,三级,奥诺美目标医院,,,,奥诺美重点医院,有效,
5081,海南省农垦总局医院,海南,海口,龙华区,三级,奥诺美目标医院,,,,奥诺美重点医院,有效,
5083,海南省人民医院,海南,海口,秀英区,三级,奥诺美目标医院,,,,奥诺美重点医院,有效,
5097,海南医学院附属医院,海南,海口,龙华区,三级,奥诺美目标医院,,,,奥诺美重点医院,有效,
4374,钦州市第一人民医院,广西,钦州,钦南区,三级,奥诺美目标医院,,,,奥诺美重点医院,有效,
4012,百色市人民医院,广西,百色,右江区,三级,奥诺美目标医院,,,,奥诺美重点医院,有效,
4445,右江医学院第一附属医院,广西,百色,右江区,三级,奥诺美目标医院,,,,奥诺美重点医院,有效,
4450,玉林市第一人民医院,广西,玉林,玉州区,三级,奥诺美目标医院,,,,奥诺美重点医院,有效,
100001,广西区妇幼保健院,广西,南宁,西乡塘区,三级,奥诺美目标医院,,,,奥诺美重点医院,有效,
4294,柳州医学高等专科学校第一附属医院,广西,柳州,柳北区,三级,奥诺美目标医院,,,,奥诺美重点医院,有效,
4286,柳州市肿瘤医院（柳州市卫生学校附属医院）,广西,柳州,鱼峰区,三级,奥诺美目标医院,,,,奥诺美重点医院,有效,
19897,云南省曲靖市第一人民医院,云南,曲靖,麒麟区,三级,奥诺美目标医院,,,,奥诺美重点医院,有效,
2457,泉州市儿童医院,福建,泉州,丰泽区,二级,奥诺美目标医院,,,,奥诺美重点医院,有效,
8725,武汉市第八医院,湖北,武汉,江岸区,三级,奥诺美目标医院,,,,奥诺美重点医院,有效,
8752,武汉市普仁医院,湖北,武汉,青山区,三级,奥诺美目标医院,,,,奥诺美重点医院,有效,
8356,长航总医院,湖北,武汉,江岸区,三级,奥诺美目标医院,,,,奥诺美重点医院,有效,
8690,武汉大学口腔医院,湖北,武汉,洪山区,三级,奥诺美目标医院,,,,奥诺美重点医院,有效,
8733,武汉市第十一医院（武汉市红十字会医院）,湖北,武汉,江岸区,三级,奥诺美目标医院,,,,奥诺美重点医院,有效,
21184,南海区第二人民医院,广东,佛山,南海区,二级,奥诺美目标医院,,,,奥诺美重点医院,有效,
31098,清远市妇幼医院,广东,清远,佛冈县,二级,奥诺美目标医院,,,,奥诺美重点医院,有效,
3588,清远市人民医院,广东,清远,清城区,未评级,奥诺美目标医院,,,,奥诺美重点医院,有效,
3589,清远市中医院,广东,清远,清城区,三级,奥诺美目标医院,,,,奥诺美重点医院,有效,
3318,广州市花都区中医院,广东,广州,花都区,未评级,奥诺美目标医院,,,,奥诺美重点医院,有效,
100002,广州白云区石井人民医院,广东,广州,白云区,未评级,奥诺美目标医院,,,,奥诺美重点医院,有效,
28205,广州医学院第四附属医院,广东,广州,白云区,未评级,奥诺美目标医院,,,,奥诺美重点医院,有效,
100003,平罗县人民医院,宁夏,石嘴山,平罗县,二级,奥诺美目标医院,,,,奥诺美重点医院,有效,
16253,陕西省渭南市中心医院,陕西,渭南,临渭区,二级,奥诺美目标医院,,,,奥诺美重点医院,有效,
15931,长安医院,陕西,西安,未央区,三级,奥诺美目标医院,,,,奥诺美重点医院,有效,
16723,嘉定区中医医院,上海,上海,嘉定区,二级,奥诺美目标医院,,,,奥诺美重点医院,有效,
100004,嘉定区妇幼保健医院,上海,上海,嘉定区,二级,奥诺美目标医院,,,,奥诺美重点医院,有效,
100005,绵阳市第二人民医院,四川,绵阳,涪城区,二级,奥诺美目标医院,,,,奥诺美重点医院,有效,